Category,Club Name,Vision & Purpose,Primary Activities & Events
Design & Visual Arts,Aesthetrix (Architecture Club),Provides a creative community space for interaction and exchange of design ideas beyond just architecture students,"Design Conversations; documentation exercises; guest talks; Annual Exhibition"
Design & Visual Arts,CD (Communication Design) Club,Bridges academic learning and practical application in design encouraging experimentation and growth,"Workshops (Tie and Dye, Bookmaking); Design Hackathon; Poster Wars; creative market"
Design & Visual Arts,Ideate,Provides a structured hands-on platform for industrial design focusing on execution and interdisciplinary collaboration,"Mechanism workshops; RC Car activities; industrial visits; annual Auto Show"
Design & Visual Arts,Interior Design Club,Aims to build a creative collaborative community for exploring design spatial aesthetics and storytelling,"Booth Booth (Halloween event); Winter Fest; interdisciplinary design hackathons"
Design & Visual Arts,Paparazzi (Photography Club),Creates opportunities for students to express creativity through visual storytelling and visual archiving of campus life,"Photo of the Year; monthly PhotoBuzz competitions; Campus Portrait Initiative"
Design & Visual Arts,Skribble Club,Aspires to be the creative heartbeat of the uni through art design and imagination,"Annual Art Fest; Artist of the Month; art exhibitions; open studio evenings"
Design & Visual Arts,WFC (Woxsen Fashion Club),Provides a collaborative platform for fashion involving styling modelling garment construction and editorial production,"Editorial shoots; styling runways; Halloween flashmobs; LaMode flagship showcase"
Performing Arts & Entertainment,Just Naach (Dance Club),Builds a thriving inclusive dance community and promotes diverse dance forms across campus,"Workshops; flashmobs; intensive learning series; Rangrasiya cultural event"
Performing Arts & Entertainment,Distortion (Music Club),Champions musical talent and fosters creative growth through high standards of performance and quality,"Artist spotlights; jam sessions; music production workshops; Distortion Fest"
Performing Arts & Entertainment,Film Club (Drishyakala),Reconnects people with a genuine love for cinema through acting directing writing and editing,"Weekly screenings; Swap Sessions (role switching); film challenges; short film competition"
Performing Arts & Entertainment,Jashn (Cultural Club),Promotes and celebrates cultural diversity through authentic traditions and radical inclusivity on campus,"Festival celebrations (Onam, Janmashtami); Bolly-Tolly Night; Sufi Nights"
Performing Arts & Entertainment,Utopia (Esports Club),Empowers students to compete and grow through a supportive and inclusive esports ecosystem,"Inter-college championships; Formula 1 screenings; community gaming nights"
Career Development & Professional Excellence,FinWiz (Finance Club),Redefines finance education through consistency industry exposure and practical student engagement,"Money Talks quiz; Bloomberg Live Trade Challenge; annual Finance Day"
Career Development & Professional Excellence,CrowdCore Club,Focuses on marketing branding outreach content creation and community building,"Creator leagues; Stall Wars entrepreneurship challenges; digital marketing workshops; Prom Night"
Career Development & Professional Excellence,Humanique (HR Club),Focuses on professional growth workplace readiness leadership development and social responsibility,"Corporate exposure programs; industry visits (Deloitte, ADP); Humanique Fest"
Career Development & Professional Excellence,Marketing Director's Club (MDC),Supports students in developing professional skills industry knowledge and connections for future marketing success,"Marketing mic engagement; Shark Tank-style competitions; Tarang flagship event"
Career Development & Professional Excellence,Tantra (Operations Club),Promotes Operations as a professional discipline through discipline reliability and real-world simulations,"Bid Royale (auction simulation); Business Control Room; corporate field trips"
Career Development & Professional Excellence,Technology Club,Redefines tech fests as immersive interdisciplinary experiences where tech meets culture,"Kaizen Avenir (Tech Fest); Hackathon (Orizon); Robo Wars"
Social Responsibility & Community Engagement,Animal Welfare Club (AWC),Creates a compassionate campus environment for animals focusing on care dignity and awareness,Building shelters; feeding programs; medical care; flagship Dog Show
Social Responsibility & Community Engagement,JanSpandan (Political Science Club),Establishes a platform to transform political learning from theory into experiential governance simulations,"Project Pradhanmantri (PM simulation); policy debates; crisis management exercises"
Social Responsibility & Community Engagement,Rotaract Club,Impact-driven club focused on social service women-focused initiatives and grassroots community engagement,"Reading sessions for local schools; menstrual hygiene awareness; Rotafest charity gala"
Social Responsibility & Community Engagement,Sustainability Club,Promotes a culture of action-oriented sustainability through real-world impact and community engagement,"Farm Visits; e-waste collection drives; zero-waste campaigns; Sustainability Incubator"
Intellectual Growth & Academic Excellence,Club Genesis,A space for understanding self and connecting with others through practical psychology and communication,"Dear Younger Me letter sessions; Difficult Conversations workshops; Bachpan flagship event"
Intellectual Growth & Academic Excellence,Nexus Club,A multicultural language and linguistics platform focusing on inclusivity and social awareness through storytelling,"Language learning workshops; cultural puppet shows; foreign cinema screenings; Unspoken Conversations"
Intellectual Growth & Academic Excellence,Spectrum (Science Club),Increases science awareness through scientific activities curiosity and practical experimentation,"Research workshops; Science in 60 Seconds content; Spectrum Scientific Summit"
Intellectual Growth & Academic Excellence,The Law Club,Makes legal thinking accessible and applied while bridging the gap between law and other disciplines,"Yuva Sansad (Youth Parliament); Criminal Minds (forensic law); National Moot Court"
Intellectual Growth & Academic Excellence,The Literature Club,Encourages engagement with literature beyond reading through discussions analysis and creative activities,"Kathakriti (regional literature event); Kitaab Chowk (literary marketplace); ComX (comics/manga)"
Intellectual Growth & Academic Excellence,Woxsen Debate Club (WDC),Promotes debate as a vital life skill for critical thinking communication and intellectual engagement,"SAMVAAD (debate festival); Debate Academy; school outreach; Baithak informal discussions"