Club Name,Vision & Purpose,Primary Activities & Events
Animal Welfare Club (AWC),Creates a compassionate campus environment for animals focusing on care dignity and awareness,"Building shelters,  feeding programs,  flagship Dog Show"
Aesthetrix (Architecture Club),Provides a creative community space for interaction and exchange of design ideas beyond just architecture students,Design Conversations; documentation exercises; guest talks; Annual Exhibition
CD (Communication Design) Club,Bridges academic learning and practical application in design encouraging experimentation and growth,"Workshops (Tie and Dye, Bookmaking); Design Hackathon; Poster Wars; creative market"
CrowdCore Club,Focuses on marketing branding outreach content creation and community building,Creator leagues; Stall Wars entrepreneurship challenges; digital marketing workshops; Prom Night
Just Naach (Dance Club),Builds a thriving inclusive dance community and promotes diverse dance forms across campus,Workshops; flashmobs; intensive learning series; Rangrasiya cultural event
Woxsen Debate Club (WDC),Promotes debate as a vital life skill for critical thinking communication and intellectual engagement,SAMVAAD (debate festival); Debate Academy; school outreach; Baithak informal discussions
Distortion (Music Club),Champions musical talent and fosters creative growth through high standards of performance and quality,Artist spotlights; jam sessions; music production workshops; Distortion Fest
Film Club (Drishyakala),Reconnects people with a genuine love for cinema through acting directing writing and editing,Weekly screenings; Swap Sessions (role switching); film challenges; short film competition
FinWiz (Finance Club),Redefines finance education through consistency industry exposure and practical student engagement,Money Talks quiz; Bloomberg Live Trade Challenge; annual Finance Day
Humanique (HR Club),Focuses on professional growth workplace readiness leadership development and social responsibility,"Corporate exposure programs; industry visits (Deloitte, ADP); Humanique Fest"
Ideate,Provides a structured hands-on platform for industrial design focusing on execution and interdisciplinary collaboration,Mechanism workshops; RC Car activities; industrial visits; annual Auto Show
Interior Design Club,Aims to build a creative collaborative community for exploring design spatial aesthetics and storytelling,Booth Booth (Halloween event); Winter Fest; interdisciplinary design hackathons
JanSpandan (Political Science Club),Establishes a platform to transform political learning from theory into experiential governance simulations,Project Pradhanmantri (PM simulation); policy debates; crisis management exercises
Jashn (Cultural Club),Promotes and celebrates cultural diversity through authentic traditions and radical inclusivity on campus,"Festival celebrations (Onam, Janmashtami); Bolly-Tolly Night; Sufi Nights"
The Literature Club,Encourages engagement with literature beyond reading through discussions analysis and creative activities,Kathakriti (regional literature event); Kitaab Chowk (literary marketplace); ComX (comics/manga)
Marketing Director's Club (MDC),Supports students in developing professional skills industry knowledge and connections for future marketing success,Marketing mic engagement; Shark Tank-style competitions; Tarang flagship event
Nexus Club,A multicultural language and linguistics platform focusing on inclusivity and social awareness through storytelling,Language learning workshops; cultural puppet shows; foreign cinema screenings; Unspoken Conversations
Paparazzi (Photography Club),Creates opportunities for students to express creativity through visual storytelling and visual archiving of campus life,Photo of the Year; monthly PhotoBuzz competitions; Campus Portrait Initiative
Rotaract Club,Impact-driven club focused on social service women-focused initiatives and grassroots community engagement,Reading sessions for local schools; menstrual hygiene awareness; Rotafest charity gala
Skribble Club,Aspires to be the creative heartbeat of the uni through art design and imagination,Annual Art Fest; Artist of the Month; art exhibitions; open studio evenings
Spectrum (Science Club),Increases science awareness through scientific activities curiosity and practical experimentation,Research workshops; Science in 60 Seconds content; Spectrum Scientific Summit
Sustainability Club,Promotes a culture of action-oriented sustainability through real-world impact and community engagement,Farm Visits; e-waste collection drives; zero-waste campaigns; Sustainability Incubator
The Law Club,Makes legal thinking accessible and applied while bridging the gap between law and other disciplines,Yuva Sansad (Youth Parliament); Criminal Minds (forensic law); National Moot Court
Tantra (Operations Club),Promotes Operations as a professional discipline through discipline reliability and real-world simulations,Bid Royale (auction simulation); Business Control Room; corporate field trips
Technology Club,Redefines tech fests as immersive interdisciplinary experiences where tech meets culture,Kaizen Avenir (Tech Fest); Hackathon (Orizon); Robo Wars
Utopia (Esports Club),Empowers students to compete and grow through a supportive and inclusive esports ecosystem,Inter-college championships; Formula 1 screenings; community gaming nights
WFC (Woxsen Fashion Club),Provides a collaborative platform for fashion involving styling modelling garment construction and editorial production,Editorial shoots; styling runways; Halloween flashmobs; LaMode flagship showcase
Club Genesis,A space for understanding self and connecting with others through practical psychology and communication,Dear Younger Me letter sessions; Difficult Conversations workshops; Bachpan flagship event
